{
  "0": 2.4711954593658447,
  "1": 0.5524865984916687,
  "2": 1.273335576057434
}