{
  "0": 5.776556968688965,
  "1": 0.4304893910884857,
  "2": 1.9843285083770752
}