split,test_loss,test_model_preparation_time,test_accuracy,test_f1_macro,test_f1_weighted,test_hate_speech_precision,test_hate_speech_recall,test_hate_speech_f1,test_offensive_precision,test_offensive_recall,test_offensive_f1,test_neither_precision,test_neither_recall,test_neither_f1,test_runtime,test_samples_per_second,test_steps_per_second
validation,0.34146955609321594,0.0062,0.8991393222162453,0.7637415996294354,0.9045908410765102,0.3926174496644295,0.5441860465116279,0.45614035087719296,0.9555236728837877,0.9253212921153178,0.9401799894123875,0.8892405063291139,0.9006410256410257,0.8949044585987261,5.8815,632.154,19.893
test,0.31560981273651123,0.0062,0.9018289402904788,0.771690172426258,0.9068035970790478,0.4135593220338983,0.5700934579439252,0.4793713163064833,0.9533309583184895,0.9294894060437652,0.9412592332043616,0.900974025974026,0.888,0.8944399677679291,5.8334,637.366,20.057
