split,test_loss,test_model_preparation_time,test_accuracy,test_f1_macro,test_f1_weighted,test_hate_speech_precision,test_hate_speech_recall,test_hate_speech_f1,test_offensive_precision,test_offensive_recall,test_offensive_f1,test_neither_precision,test_neither_recall,test_neither_f1,test_runtime,test_samples_per_second,test_steps_per_second
validation,0.31040114164352417,0.0052,0.9010220548682087,0.7606145200706761,0.9041554646097019,0.4090909090909091,0.5023255813953489,0.4509394572025052,0.9469057665260197,0.9353942341090656,0.9411147999301066,0.9,0.8798076923076923,0.8897893030794165,5.8791,632.413,19.901
test,0.2840065360069275,0.0052,0.9109736417428725,0.7826664733050324,0.9128229122693201,0.47368421052631576,0.5467289719626168,0.5075921908893709,0.9503496503496504,0.944077804793331,0.9472033455305803,0.9034369885433715,0.8832,0.8932038834951457,5.8448,636.123,20.018
